{
    "loss": 0.5069215893745422,
    "accuracy": 0.6978417038917542
}