{
    "loss": 0.37736693024635315,
    "accuracy": 0.8129496574401855
}